gene,name,position,wt_aa,mut_aa,label,ll_proper,model_name,scoring_mode
TP53,NM_000546.6(TP53):c.742C>T (p.Arg248Trp),247,R,W,1,14.62486469745636,facebook/esm1v_t33_650M_UR90S_1,full_sequence
TP53,NM_000546.6(TP53):c.733G>T (p.Gly245Cys),244,G,C,1,11.82725191116333,facebook/esm1v_t33_650M_UR90S_1,full_sequence
TP53,NM_000546.6(TP53):c.215C>G (p.Pro72Arg),71,P,R,0,6.3408203125,facebook/esm1v_t33_650M_UR90S_1,full_sequence
TP53,NM_000546.6(TP53):c.743G>A (p.Arg248Gln),247,R,Q,1,10.82017719745636,facebook/esm1v_t33_650M_UR90S_1,full_sequence
TP53,NM_000546.6(TP53):c.398T>C (p.Met133Thr),132,M,T,1,6.46923828125,facebook/esm1v_t33_650M_UR90S_1,full_sequence
TP53,NM_000546.6(TP53):c.733G>A (p.Gly245Ser),244,G,S,1,7.81943941116333,facebook/esm1v_t33_650M_UR90S_1,full_sequence
TP53,NM_000546.6(TP53):c.818G>A (p.Arg273His),272,R,H,1,11.843678593635559,facebook/esm1v_t33_650M_UR90S_1,full_sequence
TP53,NM_000546.6(TP53):c.524G>A (p.Arg175His),174,R,H,1,10.171730756759644,facebook/esm1v_t33_650M_UR90S_1,full_sequence
TP53,NM_000546.6(TP53):c.1031T>C (p.Leu344Pro),343,L,P,1,12.0872802734375,facebook/esm1v_t33_650M_UR90S_1,full_sequence
TP53,NM_000546.6(TP53):c.412G>C (p.Ala138Pro),137,A,P,1,9.880424499511719,facebook/esm1v_t33_650M_UR90S_1,full_sequence
TP53,NM_000546.6(TP53):c.659A>C (p.Tyr220Ser),219,Y,S,1,9.598073959350586,facebook/esm1v_t33_650M_UR90S_1,full_sequence
TP53,NM_000546.6(TP53):c.854A>T (p.Glu285Val),284,E,V,1,10.5462646484375,facebook/esm1v_t33_650M_UR90S_1,full_sequence
TP53,NM_000546.6(TP53):c.1040C>A (p.Ala347Asp),346,A,D,1,7.1585693359375,facebook/esm1v_t33_650M_UR90S_1,full_sequence
TP53,NM_000546.6(TP53):c.139C>T (p.Pro47Ser),46,P,S,0,2.10400390625,facebook/esm1v_t33_650M_UR90S_1,full_sequence
TP53,NM_000546.6(TP53):c.1093C>T (p.His365Tyr),364,H,Y,0,4.8134765625,facebook/esm1v_t33_650M_UR90S_1,full_sequence
TP53,NM_000546.6(TP53):c.887A>G (p.His296Arg),295,H,R,1,2.0625,facebook/esm1v_t33_650M_UR90S_1,full_sequence
TP53,NM_000546.6(TP53):c.28G>A (p.Val10Ile),9,V,I,0,4.33203125,facebook/esm1v_t33_650M_UR90S_1,full_sequence
TP53,NM_000546.6(TP53):c.329G>A (p.Arg110His),109,R,H,0,4.5430908203125,facebook/esm1v_t33_650M_UR90S_1,full_sequence
TP53,NM_000546.6(TP53):c.488A>G (p.Tyr163Cys),162,Y,C,1,10.630865097045898,facebook/esm1v_t33_650M_UR90S_1,full_sequence
TP53,NM_000546.6(TP53):c.572C>G (p.Pro191Arg),190,P,R,0,10.051456451416016,facebook/esm1v_t33_650M_UR90S_1,full_sequence
TP53,NM_000546.6(TP53):c.659A>G (p.Tyr220Cys),219,Y,C,1,8.355886459350586,facebook/esm1v_t33_650M_UR90S_1,full_sequence
TP53,NM_000546.6(TP53):c.704A>G (p.Asn235Ser),234,N,S,0,2.646240234375,facebook/esm1v_t33_650M_UR90S_1,full_sequence
TP53,NM_000546.6(TP53):c.800G>A (p.Arg267Gln),266,R,Q,1,8.90446662902832,facebook/esm1v_t33_650M_UR90S_1,full_sequence
TP53,NM_000546.6(TP53):c.847C>T (p.Arg283Cys),282,R,C,0,8.8701171875,facebook/esm1v_t33_650M_UR90S_1,full_sequence
TP53,NM_000546.6(TP53):c.869G>A (p.Arg290His),289,R,H,0,7.775840759277344,facebook/esm1v_t33_650M_UR90S_1,full_sequence
TP53,NM_000546.6(TP53):c.877G>T (p.Gly293Trp),292,G,W,0,6.3388671875,facebook/esm1v_t33_650M_UR90S_1,full_sequence
TP53,NM_000546.6(TP53):c.886C>T (p.His296Tyr),295,H,Y,0,4.85546875,facebook/esm1v_t33_650M_UR90S_1,full_sequence
TP53,NM_000546.6(TP53):c.1096T>G (p.Ser366Ala),365,S,A,0,4.2720947265625,facebook/esm1v_t33_650M_UR90S_1,full_sequence
TP53,NM_000546.6(TP53):c.145G>C (p.Asp49His),48,D,H,0,4.57763671875,facebook/esm1v_t33_650M_UR90S_1,full_sequence
TP53,NM_000546.6(TP53):c.21T>A (p.Asp7Glu),6,D,E,0,3.14794921875,facebook/esm1v_t33_650M_UR90S_1,full_sequence
TP53,NM_000546.5(TP53):c.319T>C (p.Tyr107His),106,Y,H,0,3.8642578125,facebook/esm1v_t33_650M_UR90S_1,full_sequence
TP53,NM_000546.6(TP53):c.844C>G (p.Arg282Gly),281,R,G,1,12.553393363952637,facebook/esm1v_t33_650M_UR90S_1,full_sequence
TP53,NM_000546.6(TP53):c.250G>A (p.Ala84Thr),83,A,T,0,5.306640625,facebook/esm1v_t33_650M_UR90S_1,full_sequence
TP53,NM_000546.6(TP53):c.144C>A (p.Asp48Glu),47,D,E,0,2.8935546875,facebook/esm1v_t33_650M_UR90S_1,full_sequence
TP53,NM_000546.6(TP53):c.364G>A (p.Val122Met),121,V,M,0,5.9102783203125,facebook/esm1v_t33_650M_UR90S_1,full_sequence
TP53,NM_000546.6(TP53):c.935C>G (p.Thr312Ser),311,T,S,0,2.41064453125,facebook/esm1v_t33_650M_UR90S_1,full_sequence
TP53,NM_000546.6(TP53):c.842A>G (p.Asp281Gly),280,D,G,1,11.162921905517578,facebook/esm1v_t33_650M_UR90S_1,full_sequence
TP53,NM_000546.6(TP53):c.1003C>T (p.Arg335Cys),334,R,C,0,10.512578964233398,facebook/esm1v_t33_650M_UR90S_1,full_sequence
TP53,NM_000546.6(TP53):c.784G>A (p.Gly262Ser),261,G,S,0,6.6580047607421875,facebook/esm1v_t33_650M_UR90S_1,full_sequence
TP53,NM_000546.6(TP53):c.554G>A (p.Ser185Asn),184,S,N,0,3.5458984375,facebook/esm1v_t33_650M_UR90S_1,full_sequence
TP53,NM_000546.6(TP53):c.1163A>C (p.Glu388Ala),387,E,A,0,4.1929931640625,facebook/esm1v_t33_650M_UR90S_1,full_sequence
TP53,NM_000546.6(TP53):c.892G>A (p.Glu298Lys),297,E,K,0,3.515625,facebook/esm1v_t33_650M_UR90S_1,full_sequence
TP53,NM_000546.6(TP53):c.221C>T (p.Ala74Val),73,A,V,0,4.9189453125,facebook/esm1v_t33_650M_UR90S_1,full_sequence
TP53,NM_000546.6(TP53):c.511G>A (p.Glu171Lys),170,E,K,0,11.125564575195312,facebook/esm1v_t33_650M_UR90S_1,full_sequence
TP53,NM_000546.6(TP53):c.107C>A (p.Pro36Gln),35,P,Q,0,3.50537109375,facebook/esm1v_t33_650M_UR90S_1,full_sequence
TP53,NM_000546.6(TP53):c.1015G>C (p.Glu339Gln),338,E,Q,0,6.691749572753906,facebook/esm1v_t33_650M_UR90S_1,full_sequence
TP53,NM_000546.6(TP53):c.1079G>C (p.Gly360Ala),359,G,A,0,3.427490234375,facebook/esm1v_t33_650M_UR90S_1,full_sequence
TP53,NM_000546.6(TP53):c.998G>A (p.Arg333His),332,R,H,0,8.747344970703125,facebook/esm1v_t33_650M_UR90S_1,full_sequence
TP53,NM_000546.6(TP53):c.907A>G (p.Ser303Gly),302,S,G,0,3.821533203125,facebook/esm1v_t33_650M_UR90S_1,full_sequence
TP53,NM_000546.6(TP53):c.217G>A (p.Val73Met),72,V,M,0,5.5546875,facebook/esm1v_t33_650M_UR90S_1,full_sequence
TP53,NM_000546.6(TP53):c.322G>A (p.Gly108Ser),107,G,S,0,1.8466796875,facebook/esm1v_t33_650M_UR90S_1,full_sequence
TP53,NM_000546.6(TP53):c.1009C>T (p.Arg337Cys),336,R,C,1,8.786956787109375,facebook/esm1v_t33_650M_UR90S_1,full_sequence
TP53,NM_000546.6(TP53):c.105G>C (p.Leu35Phe),34,L,F,0,3.696533203125,facebook/esm1v_t33_650M_UR90S_1,full_sequence
TP53,NM_000546.6(TP53):c.541C>T (p.Arg181Cys),180,R,C,1,9.371116638183594,facebook/esm1v_t33_650M_UR90S_1,full_sequence
TP53,NM_000546.6(TP53):c.711G>A (p.Met237Ile),236,M,I,1,11.085715293884277,facebook/esm1v_t33_650M_UR90S_1,full_sequence
TP53,NM_000546.6(TP53):c.455C>T (p.Pro152Leu),151,P,L,1,7.778270721435547,facebook/esm1v_t33_650M_UR90S_1,full_sequence
TP53,NM_000546.6(TP53):c.1010G>T (p.Arg337Leu),336,R,L,1,9.966644287109375,facebook/esm1v_t33_650M_UR90S_1,full_sequence
TP53,NM_000546.6(TP53):c.214C>G (p.Pro72Ala),71,P,A,0,2.9208984375,facebook/esm1v_t33_650M_UR90S_1,full_sequence
TP53,NM_000546.6(TP53):c.1010G>C (p.Arg337Pro),336,R,P,1,9.490081787109375,facebook/esm1v_t33_650M_UR90S_1,full_sequence
TP53,NM_000546.6(TP53):c.1150A>G (p.Met384Val),383,M,V,0,2.03515625,facebook/esm1v_t33_650M_UR90S_1,full_sequence
TP53,NM_000546.6(TP53):c.524G>T (p.Arg175Leu),174,R,L,1,11.960793256759644,facebook/esm1v_t33_650M_UR90S_1,full_sequence
TP53,NM_000546.6(TP53):c.370T>A (p.Cys124Ser),123,C,S,0,6.07568359375,facebook/esm1v_t33_650M_UR90S_1,full_sequence
TP53,NM_000546.6(TP53):c.344A>G (p.His115Arg),114,H,R,0,4.97607421875,facebook/esm1v_t33_650M_UR90S_1,full_sequence
TP53,NM_000546.6(TP53):c.245C>T (p.Pro82Leu),81,P,L,0,6.152435302734375,facebook/esm1v_t33_650M_UR90S_1,full_sequence
TP53,NM_000546.6(TP53):c.188C>T (p.Ala63Val),62,A,V,0,4.2486572265625,facebook/esm1v_t33_650M_UR90S_1,full_sequence
TP53,NM_000546.6(TP53):c.1135C>A (p.Arg379Ser),378,R,S,0,2.09326171875,facebook/esm1v_t33_650M_UR90S_1,full_sequence
TP53,NM_000546.6(TP53):c.997C>T (p.Arg333Cys),332,R,C,0,10.223907470703125,facebook/esm1v_t33_650M_UR90S_1,full_sequence
TP53,NM_000546.6(TP53):c.943T>A (p.Ser315Thr),314,S,T,0,4.1318359375,facebook/esm1v_t33_650M_UR90S_1,full_sequence
TP53,NM_000546.6(TP53):c.814G>A (p.Val272Met),271,V,M,1,8.055755615234375,facebook/esm1v_t33_650M_UR90S_1,full_sequence
TP53,NM_000546.6(TP53):c.527G>A (p.Cys176Tyr),175,C,Y,1,10.867063164710999,facebook/esm1v_t33_650M_UR90S_1,full_sequence
TP53,NM_000546.6(TP53):c.509C>T (p.Thr170Met),169,T,M,0,7.856727600097656,facebook/esm1v_t33_650M_UR90S_1,full_sequence
TP53,NM_000546.6(TP53):c.469G>A (p.Val157Ile),156,V,I,0,3.06243896484375,facebook/esm1v_t33_650M_UR90S_1,full_sequence
TP53,NM_000546.6(TP53):c.413C>T (p.Ala138Val),137,A,V,1,8.974174499511719,facebook/esm1v_t33_650M_UR90S_1,full_sequence
TP53,NM_000546.6(TP53):c.215C>A (p.Pro72His),71,P,H,0,6.8134765625,facebook/esm1v_t33_650M_UR90S_1,full_sequence
TP53,NM_000546.6(TP53):c.145G>A (p.Asp49Asn),48,D,N,0,4.44482421875,facebook/esm1v_t33_650M_UR90S_1,full_sequence
TP53,NM_000546.6(TP53):c.589G>A (p.Val197Met),196,V,M,1,9.474267959594727,facebook/esm1v_t33_650M_UR90S_1,full_sequence
TP53,NM_000546.6(TP53):c.1136G>T (p.Arg379Leu),378,R,L,0,3.51123046875,facebook/esm1v_t33_650M_UR90S_1,full_sequence
TP53,NM_000546.6(TP53):c.1025G>C (p.Arg342Pro),341,R,P,1,10.480712890625,facebook/esm1v_t33_650M_UR90S_1,full_sequence
TP53,NM_000546.6(TP53):c.868C>T (p.Arg290Cys),289,R,C,0,9.182090759277344,facebook/esm1v_t33_650M_UR90S_1,full_sequence
TP53,NM_000546.6(TP53):c.851C>T (p.Thr284Ile),283,T,I,0,6.17779541015625,facebook/esm1v_t33_650M_UR90S_1,full_sequence
TP53,NM_000546.6(TP53):c.584T>C (p.Ile195Thr),194,I,T,1,8.613533020019531,facebook/esm1v_t33_650M_UR90S_1,full_sequence
TP53,NM_000546.6(TP53):c.374C>A (p.Thr125Lys),124,T,K,1,9.459754943847656,facebook/esm1v_t33_650M_UR90S_1,full_sequence
TP53,NM_000546.6(TP53):c.149T>C (p.Ile50Thr),49,I,T,0,5.33154296875,facebook/esm1v_t33_650M_UR90S_1,full_sequence
TP53,NM_000546.6(TP53):c.380C>G (p.Ser127Cys),126,S,C,1,8.528669357299805,facebook/esm1v_t33_650M_UR90S_1,full_sequence
TP53,NM_000546.6(TP53):c.517G>A (p.Val173Met),172,V,M,1,8.420121192932129,facebook/esm1v_t33_650M_UR90S_1,full_sequence
TP53,NM_000546.6(TP53):c.1120G>C (p.Gly374Arg),373,G,R,0,3.1435546875,facebook/esm1v_t33_650M_UR90S_1,full_sequence
TP53,NM_000546.6(TP53):c.1066G>C (p.Gly356Arg),355,G,R,0,3.539794921875,facebook/esm1v_t33_650M_UR90S_1,full_sequence
TP53,NM_000546.6(TP53):c.1060C>A (p.Gln354Lys),353,Q,K,0,2.870361328125,facebook/esm1v_t33_650M_UR90S_1,full_sequence
TP53,NM_000546.6(TP53):c.1025G>A (p.Arg342Gln),341,R,Q,0,4.019775390625,facebook/esm1v_t33_650M_UR90S_1,full_sequence
TP53,NM_000546.6(TP53):c.949C>A (p.Gln317Lys),316,Q,K,0,4.015625,facebook/esm1v_t33_650M_UR90S_1,full_sequence
TP53,NM_000546.6(TP53):c.946C>A (p.Pro316Thr),315,P,T,0,3.51123046875,facebook/esm1v_t33_650M_UR90S_1,full_sequence
TP53,NM_000546.6(TP53):c.833C>T (p.Pro278Leu),277,P,L,1,9.859028339385986,facebook/esm1v_t33_650M_UR90S_1,full_sequence
TP53,NM_000546.6(TP53):c.779C>A (p.Ser260Tyr),259,S,Y,0,7.8538818359375,facebook/esm1v_t33_650M_UR90S_1,full_sequence
TP53,NM_000546.6(TP53):c.743G>T (p.Arg248Leu),247,R,L,1,12.78111469745636,facebook/esm1v_t33_650M_UR90S_1,full_sequence
TP53,NM_000546.6(TP53):c.558T>A (p.Asp186Glu),185,D,E,0,3.1458740234375,facebook/esm1v_t33_650M_UR90S_1,full_sequence
TP53,NM_000546.6(TP53):c.480G>A (p.Met160Ile),159,M,I,0,6.449609756469727,facebook/esm1v_t33_650M_UR90S_1,full_sequence
TP53,NM_000546.6(TP53):c.401T>G (p.Phe134Cys),133,F,C,1,9.187225341796875,facebook/esm1v_t33_650M_UR90S_1,full_sequence
TP53,NM_000546.6(TP53):c.329G>C (p.Arg110Pro),109,R,P,1,6.9923095703125,facebook/esm1v_t33_650M_UR90S_1,full_sequence
TP53,NM_000546.6(TP53):c.188C>G (p.Ala63Gly),62,A,G,0,4.2291259765625,facebook/esm1v_t33_650M_UR90S_1,full_sequence
TP53,NM_000546.6(TP53):c.187G>A (p.Ala63Thr),62,A,T,0,4.8892822265625,facebook/esm1v_t33_650M_UR90S_1,full_sequence
TP53,NM_000546.6(TP53):c.28G>C (p.Val10Leu),9,V,L,0,2.076171875,facebook/esm1v_t33_650M_UR90S_1,full_sequence
TP53,NM_000546.6(TP53):c.23C>T (p.Pro8Leu),7,P,L,0,3.35400390625,facebook/esm1v_t33_650M_UR90S_1,full_sequence
TP53,NM_000546.6(TP53):c.1009C>G (p.Arg337Gly),336,R,G,1,7.533050537109375,facebook/esm1v_t33_650M_UR90S_1,full_sequence
TP53,NM_000546.6(TP53):c.11C>T (p.Pro4Leu),3,P,L,0,3.50244140625,facebook/esm1v_t33_650M_UR90S_1,full_sequence
TP53,NM_000546.6(TP53):c.1136G>A (p.Arg379His),378,R,H,0,3.94482421875,facebook/esm1v_t33_650M_UR90S_1,full_sequence
TP53,NM_000546.6(TP53):c.538G>A (p.Glu180Lys),179,E,K,1,9.06365966796875,facebook/esm1v_t33_650M_UR90S_1,full_sequence
TP53,NM_000546.6(TP53):c.490A>G (p.Lys164Glu),163,K,E,1,10.740425109863281,facebook/esm1v_t33_650M_UR90S_1,full_sequence
TP53,NM_000546.6(TP53):c.473G>C (p.Arg158Pro),157,R,P,1,15.03114664554596,facebook/esm1v_t33_650M_UR90S_1,full_sequence
TP53,NM_000546.6(TP53):c.403T>G (p.Cys135Gly),134,C,G,1,12.906226396560669,facebook/esm1v_t33_650M_UR90S_1,full_sequence
TP53,NM_000546.6(TP53):c.423C>G (p.Cys141Trp),140,C,W,1,14.046834707260132,facebook/esm1v_t33_650M_UR90S_1,full_sequence
TP53,NM_000546.6(TP53):c.726C>G (p.Cys242Trp),241,C,W,1,12.679634928703308,facebook/esm1v_t33_650M_UR90S_1,full_sequence
TP53,NM_000546.6(TP53):c.824G>T (p.Cys275Phe),274,C,F,1,11.929348230361938,facebook/esm1v_t33_650M_UR90S_1,full_sequence
TP53,NM_000546.6(TP53):c.857A>C (p.Glu286Ala),285,E,A,1,8.550605773925781,facebook/esm1v_t33_650M_UR90S_1,full_sequence
TP53,NM_000546.6(TP53):c.808T>G (p.Phe270Val),269,F,V,1,8.233198165893555,facebook/esm1v_t33_650M_UR90S_1,full_sequence
TP53,NM_000546.6(TP53):c.730G>A (p.Gly244Ser),243,G,S,1,7.154475212097168,facebook/esm1v_t33_650M_UR90S_1,full_sequence
TP53,NM_000546.6(TP53):c.731G>T (p.Gly244Val),243,G,V,1,9.287287712097168,facebook/esm1v_t33_650M_UR90S_1,full_sequence
TP53,NM_000546.6(TP53):c.734G>T (p.Gly245Val),244,G,V,1,12.14756441116333,facebook/esm1v_t33_650M_UR90S_1,full_sequence
TP53,NM_000546.6(TP53):c.796G>C (p.Gly266Arg),265,G,R,1,13.953012347221375,facebook/esm1v_t33_650M_UR90S_1,full_sequence
TP53,NM_000546.6(TP53):c.578A>C (p.His193Pro),192,H,P,1,11.655303478240967,facebook/esm1v_t33_650M_UR90S_1,full_sequence
TP53,NM_000546.6(TP53):c.641A>G (p.His214Arg),213,H,R,1,9.42990493774414,facebook/esm1v_t33_650M_UR90S_1,full_sequence
TP53,NM_000546.6(TP53):c.641A>T (p.His214Leu),213,H,L,1,11.06271743774414,facebook/esm1v_t33_650M_UR90S_1,full_sequence
TP53,NM_000546.6(TP53):c.396G>C (p.Lys132Asn),131,K,N,1,10.16815185546875,facebook/esm1v_t33_650M_UR90S_1,full_sequence
TP53,NM_000546.6(TP53):c.332T>C (p.Leu111Pro),110,L,P,1,8.785430908203125,facebook/esm1v_t33_650M_UR90S_1,full_sequence
TP53,NM_000546.6(TP53):c.332T>G (p.Leu111Arg),110,L,R,1,11.254180908203125,facebook/esm1v_t33_650M_UR90S_1,full_sequence
TP53,NM_000546.6(TP53):c.332T>A (p.Leu111Gln),110,L,Q,1,8.738555908203125,facebook/esm1v_t33_650M_UR90S_1,full_sequence
TP53,NM_000546.6(TP53):c.581T>G (p.Leu194Arg),193,L,R,1,13.874712944030762,facebook/esm1v_t33_650M_UR90S_1,full_sequence
TP53,NM_000546.6(TP53):c.451C>G (p.Pro151Ala),150,P,A,1,7.6898908615112305,facebook/esm1v_t33_650M_UR90S_1,full_sequence
TP53,NM_000546.6(TP53):c.523C>G (p.Arg175Gly),174,R,G,1,13.429543256759644,facebook/esm1v_t33_650M_UR90S_1,full_sequence
TP53,NM_000546.6(TP53):c.818G>T (p.Arg273Leu),272,R,L,1,12.757741093635559,facebook/esm1v_t33_650M_UR90S_1,full_sequence
TP53,NM_000546.6(TP53):c.817C>A (p.Arg273Ser),272,R,S,1,12.249928593635559,facebook/esm1v_t33_650M_UR90S_1,full_sequence
TP53,NM_000546.6(TP53):c.487T>C (p.Tyr163His),162,Y,H,1,8.630865097045898,facebook/esm1v_t33_650M_UR90S_1,full_sequence
TP53,NM_000546.6(TP53):c.614A>G (p.Tyr205Cys),204,Y,C,1,8.691766738891602,facebook/esm1v_t33_650M_UR90S_1,full_sequence
TP53,NM_000546.6(TP53):c.760A>G (p.Ile254Val),253,I,V,0,5.285316467285156,facebook/esm1v_t33_650M_UR90S_1,full_sequence
TP53,NM_000546.6(TP53):c.556G>A (p.Asp186Asn),185,D,N,0,5.4095458984375,facebook/esm1v_t33_650M_UR90S_1,full_sequence
TP53,NM_000546.6(TP53):c.537T>A (p.His179Gln),178,H,Q,1,9.429204225540161,facebook/esm1v_t33_650M_UR90S_1,full_sequence
TP53,NM_000546.6(TP53):c.329G>T (p.Arg110Leu),109,R,L,1,7.5938720703125,facebook/esm1v_t33_650M_UR90S_1,full_sequence
TP53,NM_000546.6(TP53):c.1151T>C (p.Met384Thr),383,M,T,0,2.505859375,facebook/esm1v_t33_650M_UR90S_1,full_sequence
TP53,NM_000546.6(TP53):c.875A>G (p.Lys292Arg),291,K,R,0,2.84375,facebook/esm1v_t33_650M_UR90S_1,full_sequence
TP53,NM_000546.6(TP53):c.569C>T (p.Pro190Leu),189,P,L,1,8.65450382232666,facebook/esm1v_t33_650M_UR90S_1,full_sequence
TP53,NM_000546.6(TP53):c.353C>T (p.Thr118Ile),117,T,I,0,7.9521026611328125,facebook/esm1v_t33_650M_UR90S_1,full_sequence
TP53,NM_000546.6(TP53):c.1000G>T (p.Gly334Trp),333,G,W,1,12.937088012695312,facebook/esm1v_t33_650M_UR90S_1,full_sequence
TP53,NM_000546.6(TP53):c.930C>G (p.Asn310Lys),309,N,K,0,2.73828125,facebook/esm1v_t33_650M_UR90S_1,full_sequence
TP53,NM_000546.6(TP53):c.883C>T (p.Pro295Ser),294,P,S,0,2.71630859375,facebook/esm1v_t33_650M_UR90S_1,full_sequence
TP53,NM_000546.6(TP53):c.800G>C (p.Arg267Pro),266,R,P,1,11.98259162902832,facebook/esm1v_t33_650M_UR90S_1,full_sequence
TP53,NM_000546.6(TP53):c.389T>C (p.Leu130Pro),129,L,P,1,10.670745849609375,facebook/esm1v_t33_650M_UR90S_1,full_sequence
TP53,NM_000546.6(TP53):c.596G>T (p.Gly199Val),198,G,V,1,15.062449336051941,facebook/esm1v_t33_650M_UR90S_1,full_sequence
TP53,NM_000546.6(TP53):c.1153T>C (p.Phe385Leu),384,F,L,0,1.91357421875,facebook/esm1v_t33_650M_UR90S_1,full_sequence
TP53,NM_000546.6(TP53):c.920C>G (p.Ala307Gly),306,A,G,0,3.64404296875,facebook/esm1v_t33_650M_UR90S_1,full_sequence
TP53,NM_000546.6(TP53):c.737T>A (p.Met246Lys),245,M,K,1,12.114225387573242,facebook/esm1v_t33_650M_UR90S_1,full_sequence
TP53,NM_000546.6(TP53):c.532C>G (p.His178Asp),177,H,D,1,8.837158203125,facebook/esm1v_t33_650M_UR90S_1,full_sequence
TP53,NM_000546.6(TP53):c.318C>G (p.Ser106Arg),105,S,R,1,6.8807373046875,facebook/esm1v_t33_650M_UR90S_1,full_sequence
TP53,NM_000546.6(TP53):c.473G>T (p.Arg158Leu),157,R,L,1,12.60145914554596,facebook/esm1v_t33_650M_UR90S_1,full_sequence
TP53,NM_000546.6(TP53):c.814G>C (p.Val272Leu),271,V,L,1,7.735443115234375,facebook/esm1v_t33_650M_UR90S_1,full_sequence
TP53,NM_000546.6(TP53):c.695T>G (p.Ile232Ser),231,I,S,1,11.52325439453125,facebook/esm1v_t33_650M_UR90S_1,full_sequence
TP53,NM_000546.6(TP53):c.338T>G (p.Phe113Cys),112,F,C,1,7.594451904296875,facebook/esm1v_t33_650M_UR90S_1,full_sequence
TP53,NM_000546.6(TP53):c.326T>G (p.Phe109Cys),108,F,C,1,10.255422592163086,facebook/esm1v_t33_650M_UR90S_1,full_sequence
TP53,NM_000546.6(TP53):c.380C>A (p.Ser127Tyr),126,S,Y,1,10.059919357299805,facebook/esm1v_t33_650M_UR90S_1,full_sequence
TP53,NM_000546.6(TP53):c.428T>C (p.Val143Ala),142,V,A,1,8.782501220703125,facebook/esm1v_t33_650M_UR90S_1,full_sequence
TP53,NM_000546.6(TP53):c.788A>G (p.Asn263Ser),262,N,S,0,4.2901611328125,facebook/esm1v_t33_650M_UR90S_1,full_sequence
TP53,NM_000546.6(TP53):c.389T>A (p.Leu130His),129,L,H,1,11.194183349609375,facebook/esm1v_t33_650M_UR90S_1,full_sequence
TP53,NM_000546.6(TP53):c.379T>A (p.Ser127Thr),126,S,T,1,7.520856857299805,facebook/esm1v_t33_650M_UR90S_1,full_sequence
TP53,NM_000546.6(TP53):c.328C>G (p.Arg110Gly),109,R,G,1,5.6212158203125,facebook/esm1v_t33_650M_UR90S_1,full_sequence
TP53,NM_000546.6(TP53):c.176G>A (p.Gly59Asp),58,G,D,0,4.446533203125,facebook/esm1v_t33_650M_UR90S_1,full_sequence
TP53,NM_000546.6(TP53):c.85A>G (p.Asn29Asp),28,N,D,0,1.70361328125,facebook/esm1v_t33_650M_UR90S_1,full_sequence
TP53,NM_000546.6(TP53):c.761T>A (p.Ile254Asn),253,I,N,1,12.375160217285156,facebook/esm1v_t33_650M_UR90S_1,full_sequence
TP53,NM_000546.6(TP53):c.472C>G (p.Arg158Gly),157,R,G,1,12.68739664554596,facebook/esm1v_t33_650M_UR90S_1,full_sequence
TP53,NM_000546.6(TP53):c.576G>C (p.Gln192His),191,Q,H,0,5.899810791015625,facebook/esm1v_t33_650M_UR90S_1,full_sequence
TP53,NM_000546.6(TP53):c.1009C>A (p.Arg337Ser),336,R,S,1,4.392425537109375,facebook/esm1v_t33_650M_UR90S_1,full_sequence
TP53,NM_000546.6(TP53):c.472C>A (p.Arg158Ser),157,R,S,1,12.59364664554596,facebook/esm1v_t33_650M_UR90S_1,full_sequence
TP53,NM_000546.6(TP53):c.866T>C (p.Leu289Pro),288,L,P,0,8.30108642578125,facebook/esm1v_t33_650M_UR90S_1,full_sequence
TP53,NM_000546.6(TP53):c.751A>T (p.Ile251Phe),250,I,F,1,10.085601806640625,facebook/esm1v_t33_650M_UR90S_1,full_sequence
TP53,NM_000546.6(TP53):c.1164A>T (p.Glu388Asp),387,E,D,0,4.0289306640625,facebook/esm1v_t33_650M_UR90S_1,full_sequence
TP53,NM_000546.6(TP53):c.386C>A (p.Ala129Asp),128,A,D,0,5.83544921875,facebook/esm1v_t33_650M_UR90S_1,full_sequence
TP53,NM_000546.6(TP53):c.1162G>C (p.Glu388Gln),387,E,Q,0,4.8414306640625,facebook/esm1v_t33_650M_UR90S_1,full_sequence
TP53,NM_000546.6(TP53):c.331C>G (p.Leu111Val),110,L,V,0,4.668243408203125,facebook/esm1v_t33_650M_UR90S_1,full_sequence
TP53,NM_000546.6(TP53):c.512A>G (p.Glu171Gly),170,E,G,1,10.633377075195312,facebook/esm1v_t33_650M_UR90S_1,full_sequence
TP53,NM_000546.6(TP53):c.653T>A (p.Val218Glu),217,V,E,1,15.811863899230957,facebook/esm1v_t33_650M_UR90S_1,full_sequence
TP53,NM_000546.6(TP53):c.503A>T (p.His168Leu),167,H,L,1,9.294708251953125,facebook/esm1v_t33_650M_UR90S_1,full_sequence
TP53,NM_000546.6(TP53):c.555C>G (p.Ser185Arg),184,S,R,0,3.3251953125,facebook/esm1v_t33_650M_UR90S_1,full_sequence
TP53,NM_000546.6(TP53):c.1177G>T (p.Asp393Tyr),392,D,Y,0,6.1837158203125,facebook/esm1v_t33_650M_UR90S_1,full_sequence
TP53,NM_000546.6(TP53):c.761T>C (p.Ile254Thr),253,I,T,1,7.238441467285156,facebook/esm1v_t33_650M_UR90S_1,full_sequence
TP53,NM_000546.6(TP53):c.799C>G (p.Arg267Gly),266,R,G,1,10.13102912902832,facebook/esm1v_t33_650M_UR90S_1,full_sequence
TP53,NM_000546.6(TP53):c.929A>G (p.Asn310Ser),309,N,S,0,1.474609375,facebook/esm1v_t33_650M_UR90S_1,full_sequence
TP53,NM_000546.6(TP53):c.1020G>T (p.Met340Ile),339,M,I,0,0.66796875,facebook/esm1v_t33_650M_UR90S_1,full_sequence
TP53,NM_000546.6(TP53):c.738G>C (p.Met246Ile),245,M,I,1,7.247037887573242,facebook/esm1v_t33_650M_UR90S_1,full_sequence
TP53,NM_000546.6(TP53):c.899C>T (p.Pro300Leu),299,P,L,0,4.2684326171875,facebook/esm1v_t33_650M_UR90S_1,full_sequence
TP53,NM_000546.6(TP53):c.94C>G (p.Leu32Val),31,L,V,0,5.47216796875,facebook/esm1v_t33_650M_UR90S_1,full_sequence
TP53,NM_000546.6(TP53):c.935C>A (p.Thr312Asn),311,T,N,0,4.24267578125,facebook/esm1v_t33_650M_UR90S_1,full_sequence
TP53,NM_000546.6(TP53):c.995T>A (p.Ile332Asn),331,I,N,1,11.8349609375,facebook/esm1v_t33_650M_UR90S_1,full_sequence
TP53,NM_000546.6(TP53):c.1046A>G (p.Glu349Gly),348,E,G,0,4.980712890625,facebook/esm1v_t33_650M_UR90S_1,full_sequence
TP53,NM_000546.6(TP53):c.172C>G (p.Pro58Ala),57,P,A,0,3.534912109375,facebook/esm1v_t33_650M_UR90S_1,full_sequence
TP53,NM_000546.6(TP53):c.170A>T (p.Asp57Val),56,D,V,0,2.076171875,facebook/esm1v_t33_650M_UR90S_1,full_sequence
TP53,NM_000546.6(TP53):c.1063G>A (p.Ala355Thr),354,A,T,0,3.943359375,facebook/esm1v_t33_650M_UR90S_1,full_sequence
TP53,NM_000546.6(TP53):c.196A>G (p.Met66Val),65,M,V,0,1.3515625,facebook/esm1v_t33_650M_UR90S_1,full_sequence
TP53,NM_000546.6(TP53):c.23C>G (p.Pro8Arg),7,P,R,0,4.55712890625,facebook/esm1v_t33_650M_UR90S_1,full_sequence
TP53,NM_000546.6(TP53):c.281C>T (p.Ser94Leu),93,S,L,0,4.16748046875,facebook/esm1v_t33_650M_UR90S_1,full_sequence
TP53,NM_000546.6(TP53):c.1123C>A (p.Gln375Lys),374,Q,K,0,2.0908203125,facebook/esm1v_t33_650M_UR90S_1,full_sequence
TP53,NM_000546.6(TP53):c.339C>A (p.Phe113Leu),112,F,L,1,5.574920654296875,facebook/esm1v_t33_650M_UR90S_1,full_sequence
TP53,NM_000546.6(TP53):c.513G>T (p.Glu171Asp),170,E,D,1,4.9575958251953125,facebook/esm1v_t33_650M_UR90S_1,full_sequence
TP53,NM_000546.6(TP53):c.11C>A (p.Pro4Gln),3,P,Q,0,3.49267578125,facebook/esm1v_t33_650M_UR90S_1,full_sequence
TP53,NM_000546.6(TP53):c.938G>A (p.Ser313Asn),312,S,N,0,5.0311279296875,facebook/esm1v_t33_650M_UR90S_1,full_sequence
TP53,NM_000546.6(TP53):c.1006G>C (p.Glu336Gln),335,E,Q,0,8.069732666015625,facebook/esm1v_t33_650M_UR90S_1,full_sequence
TP53,NM_000546.6(TP53):c.972T>A (p.Asp324Glu),323,D,E,0,3.8166046142578125,facebook/esm1v_t33_650M_UR90S_1,full_sequence
TP53,NM_000546.6(TP53):c.682G>T (p.Asp228Tyr),227,D,Y,0,11.43658447265625,facebook/esm1v_t33_650M_UR90S_1,full_sequence
TP53,NM_000546.6(TP53):c.719G>A (p.Ser240Asn),239,S,N,1,6.82105827331543,facebook/esm1v_t33_650M_UR90S_1,full_sequence
TP53,NM_000546.6(TP53):c.494A>T (p.Gln165Leu),164,Q,L,1,6.435546875,facebook/esm1v_t33_650M_UR90S_1,full_sequence
TP53,NM_000546.6(TP53):c.806G>T (p.Ser269Ile),268,S,I,1,9.735725402832031,facebook/esm1v_t33_650M_UR90S_1,full_sequence
TP53,NM_000546.6(TP53):c.952C>T (p.Pro318Ser),317,P,S,0,4.32745361328125,facebook/esm1v_t33_650M_UR90S_1,full_sequence
TP53,NM_000546.6(TP53):c.805A>T (p.Ser269Cys),268,S,C,0,5.005256652832031,facebook/esm1v_t33_650M_UR90S_1,full_sequence
TP53,NM_000546.6(TP53):c.977A>T (p.Glu326Val),325,E,V,1,9.613433837890625,facebook/esm1v_t33_650M_UR90S_1,full_sequence
TP53,NM_000546.6(TP53):c.970G>A (p.Asp324Asn),323,D,N,0,7.7677764892578125,facebook/esm1v_t33_650M_UR90S_1,full_sequence
TP53,NM_000546.6(TP53):c.1023C>G (p.Phe341Leu),340,F,L,0,2.64923095703125,facebook/esm1v_t33_650M_UR90S_1,full_sequence
TP53,NM_000546.6(TP53):c.1159A>C (p.Thr387Pro),386,T,P,0,3.50830078125,facebook/esm1v_t33_650M_UR90S_1,full_sequence
TP53,NM_000546.6(TP53):c.325T>A (p.Phe109Ile),108,F,I,1,9.880422592163086,facebook/esm1v_t33_650M_UR90S_1,full_sequence
TP53,NM_000546.6(TP53):c.776A>C (p.Asp259Ala),258,D,A,1,9.444604396820068,facebook/esm1v_t33_650M_UR90S_1,full_sequence
TP53,NM_000546.6(TP53):c.1040C>G (p.Ala347Gly),346,A,G,0,3.9984130859375,facebook/esm1v_t33_650M_UR90S_1,full_sequence
TP53,NM_000546.6(TP53):c.1031T>G (p.Leu344Arg),343,L,R,1,10.9310302734375,facebook/esm1v_t33_650M_UR90S_1,full_sequence
TP53,NM_000546.6(TP53):c.829T>G (p.Cys277Gly),276,C,G,1,12.882791638374329,facebook/esm1v_t33_650M_UR90S_1,full_sequence
TP53,NM_000546.6(TP53):c.143A>G (p.Asp48Gly),47,D,G,0,3.9951171875,facebook/esm1v_t33_650M_UR90S_1,full_sequence
TP53,NM_000546.6(TP53):c.812A>T (p.Glu271Val),270,E,V,1,11.460217475891113,facebook/esm1v_t33_650M_UR90S_1,full_sequence
TP53,NM_000546.6(TP53):c.1061A>T (p.Gln354Leu),353,Q,L,0,3.331298828125,facebook/esm1v_t33_650M_UR90S_1,full_sequence
TP53,NM_000546.6(TP53):c.629A>G (p.Asn210Ser),209,N,S,0,2.9754638671875,facebook/esm1v_t33_650M_UR90S_1,full_sequence
TP53,NM_000546.6(TP53):c.547T>C (p.Ser183Pro),182,S,P,0,6.544464111328125,facebook/esm1v_t33_650M_UR90S_1,full_sequence
TP53,NM_000546.6(TP53):c.503A>C (p.His168Pro),167,H,P,1,9.716583251953125,facebook/esm1v_t33_650M_UR90S_1,full_sequence
TP53,NM_000546.6(TP53):c.1004G>T (p.Arg335Leu),334,R,L,0,9.989141464233398,facebook/esm1v_t33_650M_UR90S_1,full_sequence
TP53,NM_000546.6(TP53):c.905G>C (p.Gly302Ala),301,G,A,0,3.22802734375,facebook/esm1v_t33_650M_UR90S_1,full_sequence
TP53,NM_000546.6(TP53):c.956A>C (p.Lys319Thr),318,K,T,0,8.0909423828125,facebook/esm1v_t33_650M_UR90S_1,full_sequence
TP53,NM_000546.6(TP53):c.1061A>C (p.Gln354Pro),353,Q,P,0,2.882080078125,facebook/esm1v_t33_650M_UR90S_1,full_sequence
TP53,NM_000546.6(TP53):c.612G>C (p.Glu204Asp),203,E,D,0,5.106685638427734,facebook/esm1v_t33_650M_UR90S_1,full_sequence
TP53,NM_000546.6(TP53):c.280T>G (p.Ser94Ala),93,S,A,0,3.84716796875,facebook/esm1v_t33_650M_UR90S_1,full_sequence
TP53,NM_000546.6(TP53):c.218T>A (p.Val73Glu),72,V,E,0,3.25,facebook/esm1v_t33_650M_UR90S_1,full_sequence
TP53,NM_000546.6(TP53):c.820G>A (p.Val274Ile),273,V,I,0,4.448539733886719,facebook/esm1v_t33_650M_UR90S_1,full_sequence
TP53,NM_000546.6(TP53):c.1029G>T (p.Glu343Asp),342,E,D,0,3.4208984375,facebook/esm1v_t33_650M_UR90S_1,full_sequence
TP53,NM_000546.6(TP53):c.227C>G (p.Ala76Gly),75,A,G,0,5.926025390625,facebook/esm1v_t33_650M_UR90S_1,full_sequence
TP53,NM_000546.6(TP53):c.1067G>A (p.Gly356Glu),355,G,E,0,3.672607421875,facebook/esm1v_t33_650M_UR90S_1,full_sequence
TP53,NM_000546.6(TP53):c.635T>C (p.Phe212Ser),211,F,S,0,0.623046875,facebook/esm1v_t33_650M_UR90S_1,full_sequence
TP53,NM_000546.6(TP53):c.496T>A (p.Ser166Thr),165,S,T,0,6.2532958984375,facebook/esm1v_t33_650M_UR90S_1,full_sequence
TP53,NM_000546.6(TP53):c.372C>G (p.Cys124Trp),123,C,W,0,2.63623046875,facebook/esm1v_t33_650M_UR90S_1,full_sequence
TP53,NM_000546.6(TP53):c.185A>G (p.Glu62Gly),61,E,G,0,3.378662109375,facebook/esm1v_t33_650M_UR90S_1,full_sequence
TP53,NM_000546.6(TP53):c.621T>G (p.Asp207Glu),206,D,E,0,7.749309539794922,facebook/esm1v_t33_650M_UR90S_1,full_sequence
TP53,NM_000546.6(TP53):c.404G>C (p.Cys135Ser),134,C,S,1,11.968726396560669,facebook/esm1v_t33_650M_UR90S_1,full_sequence
TP53,NM_000546.6(TP53):c.247G>C (p.Ala83Pro),82,A,P,0,3.261474609375,facebook/esm1v_t33_650M_UR90S_1,full_sequence
TP53,NM_000546.6(TP53):c.1132T>A (p.Ser378Thr),377,S,T,0,4.5380859375,facebook/esm1v_t33_650M_UR90S_1,full_sequence
TP53,NM_000546.6(TP53):c.62A>C (p.Asp21Ala),20,D,A,0,4.58642578125,facebook/esm1v_t33_650M_UR90S_1,full_sequence
TP53,NM_000546.6(TP53):c.978A>C (p.Glu326Asp),325,E,D,0,3.691558837890625,facebook/esm1v_t33_650M_UR90S_1,full_sequence
TP53,NM_000546.6(TP53):c.718A>T (p.Ser240Cys),239,S,C,1,10.13746452331543,facebook/esm1v_t33_650M_UR90S_1,full_sequence
TP53,NM_000546.6(TP53):c.370T>C (p.Cys124Arg),123,C,R,1,9.53271484375,facebook/esm1v_t33_650M_UR90S_1,full_sequence
TP53,NM_000546.6(TP53):c.1049T>G (p.Leu350Arg),349,L,R,0,2.7822265625,facebook/esm1v_t33_650M_UR90S_1,full_sequence
TP53,NM_000546.6(TP53):c.717C>A (p.Asn239Lys),238,N,K,1,8.481534957885742,facebook/esm1v_t33_650M_UR90S_1,full_sequence
TP53,NM_000546.6(TP53):c.283T>A (p.Ser95Thr),94,S,T,0,4.4224853515625,facebook/esm1v_t33_650M_UR90S_1,full_sequence
TP53,NM_000546.6(TP53):c.994A>C (p.Ile332Leu),331,I,L,0,4.4560546875,facebook/esm1v_t33_650M_UR90S_1,full_sequence
TP53,NM_000546.6(TP53):c.236C>T (p.Ala79Val),78,A,V,0,5.102294921875,facebook/esm1v_t33_650M_UR90S_1,full_sequence
TP53,NM_000546.6(TP53):c.391A>C (p.Asn131His),130,N,H,1,5.326904296875,facebook/esm1v_t33_650M_UR90S_1,full_sequence
TP53,NM_000546.6(TP53):c.860A>G (p.Glu287Gly),286,E,G,0,9.636337280273438,facebook/esm1v_t33_650M_UR90S_1,full_sequence
TP53,NM_000546.6(TP53):c.223C>T (p.Pro75Ser),74,P,S,0,5.378692626953125,facebook/esm1v_t33_650M_UR90S_1,full_sequence
