model_label,panel_name,n_rows,n_rule_on,hit_fraction,top_pair_variant,top_ll_variant,transfer_status
ESM-1v,crebbp,2,0,0.0,CREBBP:R1340P,CREBBP:S1686F,present
ESM-1v,grin2a,1,0,0.0,GRIN2A:P78R,GRIN2A:P78R,present
ESM-1v,tsc2,2,0,0.0,TSC2:N1563K,TSC2:N1563K,present
ESM2-150M,crebbp,2,0,0.0,CREBBP:R1340P,CREBBP:S1686F,present
ESM2-150M,grin2a,1,0,0.0,GRIN2A:P78R,GRIN2A:P78R,present
ESM2-150M,tsc2,2,0,0.0,TSC2:G293R,TSC2:N1563K,present
ESM2-35M,crebbp,2,1,0.5,CREBBP:S1686F,CREBBP:R1340P,present
ESM2-35M,grin2a,1,0,0.0,GRIN2A:P78R,GRIN2A:P78R,present
ESM2-35M,tsc2,2,0,0.0,TSC2:N1563K,TSC2:N1563K,present
ESM2-3B,crebbp,2,1,0.5,CREBBP:R1340P,CREBBP:S1686F,present
ESM2-3B,grin2a,1,1,1.0,GRIN2A:P78R,GRIN2A:P78R,present
ESM2-3B,tsc2,2,2,1.0,TSC2:N1563K,TSC2:G293R,present
ESM2-650M,crebbp,2,1,0.5,CREBBP:S1686F,CREBBP:R1340P,present
ESM2-650M,grin2a,1,0,0.0,GRIN2A:P78R,GRIN2A:P78R,present
ESM2-650M,tsc2,2,0,0.0,TSC2:N1563K,TSC2:G293R,present
ProGen2-base,crebbp,0,0,,missing,missing,missing_panel
ProGen2-base,grin2a,0,0,,missing,missing,missing_panel
ProGen2-base,tsc2,0,0,,missing,missing,missing_panel
ProGen2-small,crebbp,0,0,,missing,missing,missing_panel
ProGen2-small,grin2a,0,0,,missing,missing,missing_panel
ProGen2-small,tsc2,0,0,,missing,missing,missing_panel
ProtBERT,crebbp,0,0,,missing,missing,missing_panel
ProtBERT,grin2a,0,0,,missing,missing,missing_panel
ProtBERT,tsc2,0,0,,missing,missing,missing_panel
ProtBERT-BFD,crebbp,0,0,,missing,missing,missing_panel
ProtBERT-BFD,grin2a,0,0,,missing,missing,missing_panel
ProtBERT-BFD,tsc2,0,0,,missing,missing,missing_panel
ProtT5,crebbp,0,0,,missing,missing,missing_panel
ProtT5,grin2a,0,0,,missing,missing,missing_panel
ProtT5,tsc2,0,0,,missing,missing,missing_panel
